{
  "name": "root",
  "total": 229.2040251,
  "count": 1,
  "self": 10.326263899997713,
  "children": [
    {
      "name": "TrainerController.advance",
      "total": 218.87776120000228,
      "count": 17730,
      "self": 10.032950900003073,
      "children": [
        {
          "name": "env_step",
          "total": 194.9587266999993,
          "count": 17730,
          "self": 184.7385329999971,
          "children": [
            {
              "name": "SubprocessEnvManager._take_step",
              "total": 10.03052750000058,
              "count": 17730,
              "self": 1.0880330999989898,
              "children": [
                {
                  "name": "PPOPolicy.evaluate",
                  "total": 8.942494400001591,
                  "count": 17730,
                  "self": 8.942494400001591
                }
              ]
            },
            {
              "name": "workers",
              "total": 0.18966620000161782,
              "count": 17729,
              "self": 0.0,
              "children": [
                {
                  "name": "worker_root",
                  "total": 225.14570649999953,
                  "count": 17729,
                  "is_parallel": true,
                  "self": 50.8052603999993,
                  "children": [
                    {
                      "name": "UnityEnvironment.step",
                      "total": 174.34044610000024,
                      "count": 17729,
                      "is_parallel": true,
                      "self": 4.572674599999459,
                      "children": [
                        {
                          "name": "UnityEnvironment._generate_step_input",
                          "total": 0.9645719999989844,
                          "count": 17729,
                          "is_parallel": true,
                          "self": 0.9645719999989844
                        },
                        {
                          "name": "communicator.exchange",
                          "total": 168.8031995000018,
                          "count": 17729,
                          "is_parallel": true,
                          "self": 168.8031995000018
                        }
                      ]
                    }
                  ]
                }
              ]
            }
          ]
        },
        {
          "name": "update_policy",
          "total": 13.88608359999992,
          "count": 272,
          "self": 2.179518299998433,
          "children": [
            {
              "name": "PPOPolicy.update",
              "total": 11.706565300001486,
              "count": 10608,
              "self": 11.706565300001486
            }
          ]
        }
      ]
    }
  ]
}