{
  "name": "root",
  "total": 13.2640043,
  "count": 1,
  "self": 7.473340300000032,
  "children": [
    {
      "name": "TrainerController.advance",
      "total": 5.790663999999968,
      "count": 457,
      "self": 0.282553999999962,
      "children": [
        {
          "name": "env_step",
          "total": 5.096773300000008,
          "count": 457,
          "self": 4.7911384999999855,
          "children": [
            {
              "name": "SubprocessEnvManager._take_step",
              "total": 0.3006092999999943,
              "count": 457,
              "self": 0.027572999999964765,
              "children": [
                {
                  "name": "PPOPolicy.evaluate",
                  "total": 0.27303630000002954,
                  "count": 457,
                  "self": 0.27303630000002954
                }
              ]
            },
            {
              "name": "workers",
              "total": 0.005025500000027883,
              "count": 456,
              "self": 0.0,
              "children": [
                {
                  "name": "worker_root",
                  "total": 9.879372699999998,
                  "count": 456,
                  "is_parallel": true,
                  "self": 5.376020699999989,
                  "children": [
                    {
                      "name": "UnityEnvironment.step",
                      "total": 4.5033520000000085,
                      "count": 456,
                      "is_parallel": true,
                      "self": 0.11696229999999641,
                      "children": [
                        {
                          "name": "UnityEnvironment._generate_step_input",
                          "total": 0.025477699999989056,
                          "count": 456,
                          "is_parallel": true,
                          "self": 0.025477699999989056
                        },
                        {
                          "name": "communicator.exchange",
                          "total": 4.360912000000023,
                          "count": 456,
                          "is_parallel": true,
                          "self": 4.360912000000023
                        }
                      ]
                    }
                  ]
                }
              ]
            }
          ]
        },
        {
          "name": "update_policy",
          "total": 0.4113366999999979,
          "count": 7,
          "self": 0.06426149999999708,
          "children": [
            {
              "name": "PPOPolicy.update",
              "total": 0.3470752000000008,
              "count": 273,
              "self": 0.3470752000000008
            }
          ]
        }
      ]
    }
  ]
}